model,rmse,mae,r2
Random Forest,7.6009407903985355,1.3309374474729876,0.0
Gradient Boosting,8.646615545873807,3.36736204914849,0.0
Random Forest,0.1902288932023345,0.021677134122763078,0.9999642850484534
Gradient Boosting,0.026695793504228616,0.0073578879442573715,0.9999992966317316
